avg_spend_per_trip,num_flights_per_year,loyalty_points,business_travel_ratio,cluster
821,14,25358,0.7015635404895175,3
1662,1,48528,0.718601662842142,3
739,9,11023,0.4403591974261951,2
4360,7,29851,0.14246314808710858,0
4410,11,28756,0.6406389213201227,0
3887,2,49289,0.772956712350709,0
3836,2,11145,0.6381095212039497,2
189,6,21192,0.5880547658468156,3
3021,19,47259,0.22941199123460632,0
1351,14,18839,0.6451370408192583,1
1202,3,27410,0.33485621457621195,3
4803,7,40160,0.919558862813285,0
448,7,11447,0.6537200927599808,2
4013,4,21033,0.2781796767083027,2
4152,5,41355,0.4729269093639301,0
3041,17,10129,0.8465812758850444,1
345,4,30358,0.3354639511826475,3
371,13,13907,0.5254405701523811,1
2130,16,21637,0.6796699732515226,1
4598,16,38196,0.7545293388267417,0
3287,2,22369,0.17389217506474486,2
3606,18,29481,0.565152304677289,1
1565,1,31681,0.9121999004962014,2
1295,18,2589,0.9683597815096939,1
3187,8,23560,0.6561450425593582,2
3108,11,3034,0.9836608041599857,1
3923,15,169,0.5707352489761408,1
1714,16,26913,0.4426050297809333,1
1226,17,3239,0.5515874589482459,1
4479,17,3415,0.11571239426352209,1
616,12,19952,0.4017159196853878,3
2765,10,11408,0.4584050530305287,2
1401,6,3484,0.8486277987209782,2
711,8,18225,0.7586485927424472,2
849,13,14923,0.6014265852248007,1
1956,2,20936,0.34727723487626994,2
499,19,39612,0.18703458569265707,3
1626,10,19410,0.3477650209146279,3
2124,4,29997,0.6798040709591319,2
419,12,36733,0.2630377990850331,3
435,18,39952,0.42688669570916593,3
2198,7,21863,0.38677023488168205,2
273,4,5380,0.7655900637910602,2
4119,7,20710,0.8837870622601444,0
1741,10,15285,0.6993709568109769,1
600,15,27260,0.34160226093303414,3
3746,12,32879,0.43317704897588727,0
2463,1,16143,0.14335015405372142,2
1956,18,49744,0.16809744776660984,3
3252,16,7413,0.164292567526515,1
1996,5,31578,0.1305863575613102,3
1818,19,14726,0.17958122850913016,1
1878,4,27015,0.20268820257835762,2
4892,6,5983,0.11184594379763291,2
3157,17,19178,0.640260721884227,1
4927,7,26990,0.9904015345821996,0
2813,7,10321,0.8791867446522561,2
3928,9,43829,0.04560272382608621,0
4847,13,36366,0.4230588091967248,0
1194,14,34294,0.8593105792327723,3
145,16,40677,0.13467481799199643,3
1545,9,34737,0.8476451466520427,3
2296,15,41911,0.5927006378378993,3
3301,5,17886,0.9312985525961118,2
555,18,44296,0.8760391142644252,3
1762,8,22791,0.6770343220587175,2
3024,15,8301,0.6578226598726955,1
1065,9,35122,0.21316420239190814,3
1628,19,38087,0.11675296715800854,3
3076,6,32993,0.41539342996879836,0
3171,4,47288,0.18658003949312474,0
4969,11,35779,0.10241671767775895,0
2621,10,36894,0.3023267332728935,3
1226,3,33381,0.8604899427966485,3
3504,1,14082,0.017148154018361228,2
4592,12,49250,0.29263768172217564,0
2443,15,5458,0.4240521852144923,1
206,15,41770,0.5105697496152866,3
2677,14,22300,0.18157750838298925,1
3254,7,2699,0.9642201998380311,2
4483,17,29485,0.5788730435721895,0
4153,19,40285,0.5221105470570441,0
4901,7,1019,0.008822588930341158,2
314,3,32471,0.48571537939600706,3
4539,3,48671,0.8376706294551841,0
4389,18,20270,0.2196445430512427,1
4353,14,22615,0.351207568386413,0
564,3,13698,0.02057146468769555,2
2472,7,48918,0.9769275142337952,0
691,7,38346,0.06665179712804081,3
2288,5,6729,0.8982211239095694,2
983,3,39729,0.3129877141804547,3
4258,18,11171,0.5875564019858786,1
403,15,13947,0.6793155399660034,1
4591,14,49948,0.1408291674311145,0
433,4,34725,0.4437593777803355,3
2933,8,19450,0.32546610024664235,2
4606,13,13300,0.056602465605465335,1
2431,8,19064,0.8331936543931807,2
4661,15,4441,0.04516775649747773,1
179,17,45779,0.6532579594838668,3
3863,5,19332,0.314077376419847,2
2931,4,20115,0.1921293272018666,2
2077,11,33869,0.6670860513355453,3
832,18,21868,0.5745377145262058,1
4076,10,41997,0.3152562573748299,0
1917,17,20615,0.5129607482592392,1
1484,15,13615,0.24623710120620945,1
2224,6,14732,0.8636964590026922,2
1298,16,25367,0.3138187803271616,1
2392,15,45134,0.2451530295515314,3
4317,8,42738,0.7518337110596511,0
284,9,45760,0.017592487993914885,3
4227,11,981,0.2680117320860753,1
1097,2,21554,0.37539522065117314,2
2086,13,25319,0.8822379617913818,1
2909,4,16130,0.9504418025483442,2
4764,9,18815,0.7164779669139498,0
2457,5,8566,0.4925317810096598,2
1779,19,26329,0.6406215490576886,1
3139,3,6349,0.41400105168133305,2
4986,3,10728,0.29882583184866784,2
2611,6,40316,0.9506880681396285,0
3627,10,18375,0.1153902290099238,2
3126,5,21814,0.346393568050109,2
2845,3,36214,0.8990889599605931,0
4273,7,21545,0.7231414305874169,0
2681,18,45588,0.02910145132297659,3
4303,8,18953,0.023099673424247125,2
2911,1,2872,0.5165124626245746,2
4190,4,9368,0.4842530562300217,2
469,7,34103,0.44299153865631824,3
3843,14,5413,0.3023437618390089,1
2104,13,29269,0.986638719813639,1
1803,10,49264,0.27198732298338146,3
3424,18,20156,0.4900402064405619,1
540,1,13423,0.4048930968230663,2
3357,4,38062,0.17024942596174208,0
3006,16,42805,0.20261881912527857,0
326,16,1987,0.9183027420097729,1
2501,18,37597,0.8582797228559551,0
4818,8,18369,0.19904430582035237,0
1124,10,27868,0.8756626239095135,3
3591,16,11434,0.20918613008084253,1
4356,11,14548,0.6265463217476971,1
970,6,16636,0.0812805233206938,2
3299,1,32383,0.8803696262591182,2
1845,12,42196,0.05150029946546697,3
543,6,17007,0.5549428892511367,2
4658,13,35924,0.779711525180385,0
572,17,30211,0.1168347364106812,3
179,1,11328,0.4044802675001885,2
339,8,3389,0.0419501514900501,2
4752,8,9458,0.6827525773399592,2
689,11,2945,0.30744959496135194,1
1460,14,9352,0.55939524463847,1
1984,10,10486,0.9327322704203617,1
2416,15,41400,0.30585810799484237,3
4530,7,2092,0.0486274716352777,2
411,7,36527,0.6756277676987004,3
1176,10,5112,0.7868411345141675,1
133,4,16937,0.957868559877576,2
1941,18,37672,0.1578008770256658,3
4581,10,46026,0.3921399251161498,0
348,19,1112,0.8441404600254748,1
1234,14,35545,0.8068713932688795,3
4989,13,31740,0.6247957073338625,0
475,15,23481,0.26936854520269393,3
823,16,48355,0.2840352906507776,3
2013,2,10025,0.12400299462414255,2
4397,4,34082,0.9218536737859097,0
2592,18,13562,0.17293151463944534,1
2042,17,11304,0.5728866011799064,1
4104,10,7015,0.5843514169821129,2
2444,9,44885,0.36960544119526884,3
1431,15,5710,0.35251846100545514,1
4688,12,12588,0.6685884185582797,1
437,9,20967,0.38829777794853904,3
1965,14,21904,0.2551153933380007,1
3237,13,24256,0.39913170240003093,1
891,6,25052,0.807662077665546,3
3711,19,15436,0.9664784551311856,1
3800,4,21815,0.6359502304538448,2
1616,17,15196,0.7821012254841064,1
4053,19,18089,0.5328248613126102,1
4008,3,49669,0.6248231420934378,0
2773,14,17604,0.9880866567365598,1
2222,17,2506,0.4384188647019115,1
3885,13,32584,0.06625469695419994,0
158,9,20709,0.9570069178193547,3
2533,1,44840,0.7930617209035477,0
2162,17,48904,0.3983103678635713,3
1354,16,47111,0.9823950536227688,3
3788,18,38247,0.34553575034862616,0
3848,2,43202,0.3721201960080287,0
4230,14,3090,0.6097313531899208,1
4357,17,39265,0.2743473861553567,0
3129,3,21552,0.6985714851307327,2
2946,2,29135,0.15285030395050592,2
570,8,14691,0.10802531935815352,3
4135,2,39761,0.5348780075641556,0
2999,2,33741,0.5554936823944011,2
1546,9,21661,0.10665506962969062,3
4543,6,41025,0.9641762611311511,0
4889,12,6092,0.5732866576070837,1
1012,9,35674,0.1510349924969261,3
4342,7,570,0.311442524332299,2
1811,12,12084,0.8002342139331626,1
774,5,307,0.5232315278655318,2
1539,16,3742,0.1881483485465556,1
2834,5,41742,0.10284897206180477,3
3730,12,28792,0.4307744122374848,0
785,9,765,0.3374147086864342,2
1226,7,41732,0.6559173524819735,3
4316,19,24198,0.9252469869511654,1
2566,11,7735,0.2477302857741588,1
2497,12,16202,0.8552339332828451,1
4237,3,47199,0.9204619784452005,0
3538,17,11377,0.9020025994699015,1
4224,7,46042,0.9520773299454354,0
1065,10,14297,0.8421086221292753,1
1019,15,8036,0.5934860053966702,1
2972,2,40364,0.4098460987102419,0
1608,13,49691,0.4916877860337713,3
1312,4,24369,0.8726121748775852,2
971,18,34817,0.30139837741718245,3
4490,1,37443,0.15926169434109438,0
3354,2,1663,0.14081921813379517,2
963,2,39244,0.8269946099050004,3
4053,4,12028,0.7614856863300977,2
3208,3,19823,0.4976453410463415,2
3155,17,15077,0.27487142809215315,1
4094,14,39911,0.6776131755426114,0
2782,2,19631,0.03843309743246981,2
4790,16,1910,0.5682278156666614,1
713,11,33500,0.39842516873946365,3
1972,13,19897,0.9778596338119685,1
3254,1,37377,0.507560249110526,0
4660,2,11134,0.5522677524502678,2
3473,2,37224,0.7123626634428192,0
3291,5,26897,0.4845384811256467,2
667,4,47280,0.22456861927675142,3
4233,12,36103,0.537277846548448,0
344,3,48313,0.9442688708907204,3
120,10,45582,0.4099109881684718,3
493,18,7056,0.679640954999673,1
3914,10,28950,0.9780341888856849,0
2155,1,2753,0.8299223129834905,2
3615,6,31941,0.6590341330833237,0
2475,11,34140,0.7359964883305143,0
2010,2,14234,0.936483248017075,2
389,7,9636,0.9597521044003566,2
2658,18,3376,0.9689681303219958,1
460,19,30783,0.625641628202522,3
1722,4,41249,0.38471164986523654,3
4414,13,43025,0.13315312895629994,0
4194,18,16447,0.3855480013404029,1
2553,13,20329,0.942955454735619,1
2115,19,16713,0.8897970805923896,1
2140,17,4858,0.5236596620628786,1
2144,1,19472,0.537007286593924,2
2900,6,16524,0.3089203495949695,2
3070,19,46387,0.4545078900704814,0
931,1,4539,0.7144484939393951,2
1893,8,18857,0.4024307256477919,2
3792,17,38362,0.18798387207603384,0
1891,15,36671,0.5408595788250777,3
2941,18,5364,0.225336911454328,1
4790,7,449,0.9742875560126001,2
2254,16,20830,0.3903399140119541,1
680,7,21078,0.9096649716091162,2
2953,17,37574,0.2255539966036243,0
2336,4,869,0.18920900530577645,2
4276,12,38847,0.6169011290397374,0
2255,13,40075,0.7793790783033206,0
1444,4,28140,0.5667645638523757,2
445,1,3659,0.22979568360525937,2
1986,1,36370,0.03789436288399606,3
654,7,41352,0.6182888211910051,3
3870,9,14385,0.1310372253655483,2
4497,1,43751,0.3431763870323312,0
299,16,19337,0.6757847536712315,1
3040,18,5131,0.09802344058293189,1
3590,15,1358,0.1272514797839558,1
406,6,25614,0.06166620730740413,3
3175,2,16771,0.9960791289068266,2
1756,9,13603,0.38707676860158124,2
2792,4,16246,0.9057951677346345,2
1864,13,17216,0.2935856384242821,1
375,11,41209,0.7532025651404958,3
3461,13,42987,0.2190666163123789,0
1501,11,42488,0.49832470964825026,3
4833,19,20577,0.8246157392957796,1
1875,8,42320,0.8163343988950826,3
3481,7,11301,0.7942807173626745,2
4150,16,9515,0.8237344130385529,1
3560,3,26802,0.21147228130587925,2
1980,17,891,0.48221627256038646,1
3935,18,21972,0.4848714745971586,1
4378,15,47853,0.8905024873479125,0
1944,17,20932,0.2968918293994288,1
3477,11,4192,0.9314958933890483,1
171,5,16128,0.45079573630609904,2
1776,16,22836,0.6697870031774188,1
1395,15,24837,0.26888311227933437,3
1143,10,22778,0.4102981068313073,3
2725,14,43130,0.7098009320691404,0
3142,2,16708,0.5127471418510093,2
914,16,41945,0.9307080116883338,3
2294,19,24232,0.7371249658974774,1
3600,8,39412,0.5644029255105999,0
409,15,4782,0.8866697566522082,1
2161,10,26315,0.6655563887887443,3
4327,5,10052,0.6473204734204323,2
1977,16,19521,0.24637133314762727,1
2902,12,3898,0.3948569655282109,1
2586,13,17219,0.6833036526040215,1
4935,9,4154,0.8917917114831578,2
3845,17,35546,0.3155474736449152,0
894,12,13809,0.2154856219429847,1
4114,5,25972,0.5936959788158558,0
4453,12,39177,0.06719709810271313,0
3507,1,12523,0.7145417014500052,2
2556,16,37081,0.7031385432874808,0
1951,12,22030,0.3549660309861551,1
1074,9,40376,0.8926776533449017,3
1147,13,20105,0.5021811415391275,1
4466,17,46485,0.6457649506929368,0
4337,17,24295,0.20957848193833784,1
3889,4,11864,0.41734033516,2
3121,14,43982,0.8624175402697681,0
4469,19,12876,0.2129395476323428,1
4129,7,18055,0.3905743775924688,2
564,3,33684,0.31807654442812994,3
387,1,21972,0.15111018486478012,2
3295,12,25493,0.28971791812753556,0
975,15,9325,0.23277228357521673,1
2092,11,36775,0.9235936304613274,0
3025,10,20373,0.741078804542796,2
1220,2,36253,0.3161015817828243,3
546,4,21181,0.7633390532427098,2
2932,17,10961,0.022139953033871396,1
3668,17,17705,0.5265247107711399,1
2996,8,44676,0.2503345637346731,0
821,14,36122,0.11432207180851417,3
2263,4,26104,0.8837585283384886,2
2682,6,13509,0.1993405342625726,2
1451,19,7101,0.8223910929462823,1
4080,4,4743,0.4132226774917712,2
4602,3,8951,0.01429077004070034,2
3484,6,7014,0.7325328293010253,2
1825,7,36180,0.5963597582193679,3
793,14,41908,0.3441718831678193,3
3513,12,43039,0.28154593392626337,0
594,16,8219,0.07369125237043472,1
1047,8,7163,0.9414255948352722,2
122,2,2470,0.4939848846920857,2
1228,13,43498,0.08552451757610802,3
657,8,16543,0.8686797177444705,2
1716,16,19276,0.2788331728178167,1
3830,4,36881,0.20360271573465483,0
1756,16,13414,0.28093743834221874,1
4273,6,7749,0.5645714586071113,2
906,4,24182,0.0740564844970365,3
3412,16,11914,0.48175690912267644,1
4963,13,15007,0.8957434451243126,0
553,5,30951,0.18817159584612386,3
3075,15,44691,0.33118877215224385,0
2424,8,32608,0.39612196505165276,3
1547,7,21383,0.5862207115272452,2
2661,14,13042,0.9192542465263115,1
2611,7,25412,0.3945392082424255,2
2971,7,13181,0.06915284067776362,2
462,18,44898,0.3479508614309924,3
3554,10,3405,0.1900854125998448,2
2898,18,30868,0.6517744788191033,1
4720,14,10862,0.029262109167332184,1
3553,10,28688,0.2919299710730734,0
3355,7,48017,0.5451735072326199,0
1317,7,30945,0.2773342060495543,3
1585,7,12939,0.5509952833452542,2
2203,5,46735,0.11471232218718319,3
2636,1,28931,0.9428054879896225,2
1955,14,38616,0.2909068073298867,3
4917,18,39585,0.9230008393898834,0
1307,13,38911,0.3258354395041454,3
1548,8,47277,0.7818401911729878,3
1607,8,42826,0.24618735746125298,3
1103,10,41164,0.6697689023896012,3
1025,17,22942,0.32371621382276716,1
183,6,44539,0.5091591292096588,3
3842,15,5272,0.6738141457636807,1
4027,15,44134,0.5888825052029606,0
1642,16,24265,0.5762805932836943,1
1085,8,48192,0.06568083565761729,3
4331,19,28668,0.24907683217159182,1
1008,15,46196,0.5718392898565416,3
3008,3,16024,0.01831720721572505,2
4785,6,31899,0.25064425511597965,0
2837,8,3747,0.22918523943119673,2
2686,16,9297,0.24985611016083442,1
1243,15,1607,0.5356094995666537,1
1431,13,21458,0.5819603540191924,1
3448,15,27973,0.9089979943728113,0
1653,18,23117,0.3860310490262192,1
2442,13,16450,0.9265789171431259,1
1906,8,15535,0.6519543449841703,2
2200,14,29355,0.9126603959005557,1
905,11,7645,0.8334721016800484,1
4247,6,42238,0.6875824434076875,0
2875,1,4158,0.35610589951895943,2
171,2,41773,0.2411104476852185,3
127,13,16786,0.22239143551203222,3
568,1,40693,0.9521738374562813,3
4083,4,30911,0.9585738431293581,0
863,2,26578,0.7248313735243089,2
1524,16,46408,0.8837959840764773,3
2348,3,4166,0.9189961630790605,2
3932,17,19309,0.5115561965193122,1
4160,5,15076,0.6290596906251722,2
4170,8,19377,0.4187544979202146,2
1775,12,9278,0.4184907642852631,1
659,12,33539,0.03842891864461462,3
4574,1,11440,0.4338214604848055,2
3931,1,26245,0.6734898115131833,2
2018,15,22097,0.42198216610657113,1
178,17,8167,0.8724096768769565,1
3747,2,1556,0.33256295240701816,2
1131,17,43918,0.13268204656084948,3
2172,9,1151,0.8115586907290594,2
4645,12,21698,0.673947918328592,0
1584,4,17601,0.2418194823205818,2
2345,13,26807,0.536451256042233,1
1650,4,45302,0.40185233859379244,3
4885,7,20328,0.9388597764356578,0
4782,14,8039,0.607332090920629,1
1929,9,47427,0.1583892611869916,3
3851,1,6303,0.5021484526369852,2
4822,1,19053,0.8625568325238507,2
2131,4,31644,0.6714966700324616,2
4559,1,35745,0.8424520760986562,0
3956,10,45309,0.2503993138656403,0
2282,2,20762,0.8883513770475419,2
4569,15,23611,0.7556113318241721,0
2194,3,422,0.7289137554380787,2
4003,9,31275,0.3465410697635244,0
3132,17,26597,0.8876580637605281,1
1648,13,11985,0.6379793773932165,1
467,3,28707,0.8518394768628025,3
164,4,49242,0.3609714559862718,3
3399,4,3372,0.1456520910643565,2
4949,11,16083,0.3323371802203223,0
2135,7,34710,0.4552643473751825,3
2963,11,25816,0.5334073751454924,0
1976,11,9950,0.5108092157115375,1
4951,10,49050,0.5460545924365644,0
2328,5,49249,0.8417057652229475,0
696,13,34247,0.1701012461881699,3
3706,12,4626,0.31605129516887087,1
2774,10,26408,0.8886084904354514,0
3989,7,10777,0.5604582045583303,2
3606,19,5147,0.5833898703695721,1
1934,19,5443,0.47806254461395226,1
1495,19,79,0.5489746349861391,1
1686,12,31282,0.1980797305601012,3
211,15,38345,0.5468668994181283,3
552,5,12901,0.9971731279111168,2
2903,14,2223,0.5660475729241843,1
2731,12,35337,0.04440246560603034,3
2286,11,42732,0.7964356443506597,0
4448,5,13768,0.3964754287233876,2
2104,16,17507,0.15367614850156186,1
1559,18,16249,0.8625198062266913,1
2042,12,35391,0.19797325553496758,3
3593,5,34171,0.9207673898585332,0
1957,16,49483,0.4417964904426055,3
161,12,7485,0.7427908347497,1
1594,2,44568,0.5469958503385205,3
1280,6,49891,0.25662680391522785,3
2888,4,29784,0.6710901744959188,2
1975,13,45566,0.9579125508901479,0
2308,10,24617,0.7696369667914125,1
4736,17,37748,0.6040179965751782,0
4821,14,3878,0.9906281082658567,1
205,15,1949,0.26532666734268473,1
1254,8,19844,0.06234148790944738,3
3528,18,20881,0.03213086611593108,1
4187,3,21614,0.7106878795587983,2
1808,17,23828,0.8302323647341706,1
2923,7,9958,0.6351005374845267,2
4025,13,8697,0.9050265974431984,1
2008,16,21624,0.6979760473399205,1
2149,5,15493,0.37095464640902054,2
4564,4,42801,0.1812582916298816,0
1374,10,21199,0.9246474785591563,1
1045,13,42354,0.10359714999747949,3
4004,10,256,0.5429884037464054,2
2327,14,34488,0.3140079252735116,3
3896,12,30493,0.2714150075196725,0
392,1,46009,0.6458348519168964,3
4779,7,49002,0.23123693739103623,0
2322,9,23731,0.9163651067423957,2
4073,8,7076,0.40604390909912413,2
2591,13,1071,0.6773753467296789,1
2575,14,34390,0.7277557173285846,0
4960,12,2066,0.6829416946253303,1
3829,8,25645,0.9034002408930234,0
527,18,41410,0.2311308636059981,3
3072,16,33665,0.08605454468610119,0
206,11,29412,0.05546569726504935,3
3719,16,31835,0.8778441504750248,0
4854,14,41041,0.9732870499391821,0
3433,3,38549,0.3025265412047127,0
4092,2,46390,0.6935139235749692,0
1325,3,46052,0.0089127841717489,3
4104,4,43167,0.18863151011598778,0
4350,5,26578,0.6892743824616144,0
3468,10,9883,0.06588713931523282,2
995,2,42139,0.4685100499198245,3
4005,12,22217,0.6625832643739489,0
1720,5,10707,0.7659581713055174,2
3963,5,40856,0.45381591372437047,0
2392,1,13140,0.630284039496343,2
1485,4,49613,0.5395756295620613,3
3999,12,11093,0.0523057720833211,1
3692,12,16500,0.7428046872598465,1
2533,16,38553,0.17236191588537497,3
2906,17,6507,0.03180553123384133,1
3483,10,32586,0.4511679162883723,0
1401,17,5830,0.8656375872815103,1
858,17,30608,0.15082943766102863,3
846,18,37329,0.012857534116974989,3
692,2,47287,0.10997923576541713,3
2986,4,24511,0.3636591143316067,2
4211,19,33427,0.5801718699913038,0
1168,11,18506,0.19301213398589256,3
3407,17,28395,0.8019640050225706,1
802,12,44303,0.7532971205490819,3
4808,2,46770,0.6958636165986992,0
204,6,27126,0.487469808315544,3
1597,9,29466,0.36521695513398533,3
3933,5,17970,0.37558662096481077,2
495,9,4682,0.5030705349557333,2
3617,8,48470,0.07731468688265453,0
2753,8,10939,0.6823054628670612,2
3391,6,8826,0.35150754400930206,2
2110,3,23371,0.2247587779386886,2
3981,5,29946,0.2783270704986389,0
2088,9,24359,0.18029428528621783,3
4637,7,19266,0.9015680855277886,0
1768,4,38017,0.16903751636255104,3
4862,7,19195,0.8829261188948626,0
1151,5,45413,0.5722433959684513,3
2941,11,27315,0.8674509553888602,0
4823,15,18268,0.47406421690551215,1
3684,2,9710,0.9276337194810736,2
447,13,41581,0.21149074360835018,3
1363,16,45537,0.5546917528472746,3
4765,7,14161,0.12583869051366914,2
2842,8,31821,0.44722028520236434,0
2173,6,9729,0.5699036966468424,2
3248,7,48448,0.605675222173172,0
1451,18,48915,0.36552879690727913,3
2921,7,26913,0.07633564216645283,2
3927,3,22184,0.6553260713826526,2
769,5,23279,0.4884318604532778,3
4913,1,26570,0.1368788666372569,2
2746,15,43030,0.9358759694060996,0
366,3,35133,0.9556686621834433,3
1538,8,13195,0.8566062798313689,2
2793,9,43805,0.8438683005175974,0
1122,15,43998,0.09867127586805613,3
2137,10,17238,0.9934201095825678,1
664,2,15552,0.4003806798637316,2
1159,5,2728,0.16312111586711353,2
1524,19,48245,0.8121017282172212,3
4223,13,23557,0.22573076846305784,0
319,11,4938,0.5261753206695915,1
505,1,31202,0.12801606520343634,3
1737,15,131,0.4746457232758885,1
2418,18,25692,0.5581414934029423,1
1859,16,19977,0.4459239599513427,1
1774,9,33061,0.069486824752653,3
891,1,27264,0.48493903058276333,2
3682,11,25575,0.4689428434408158,0
1409,9,14727,0.26162027729067383,2
3933,11,10488,0.9216015996574365,1
4512,13,20069,0.4177923326982561,0
1430,2,24400,0.8641157961963851,2
4546,14,24146,0.1096638296334419,0
610,6,6846,0.31887728420618144,2
2672,8,40352,0.17633085376804003,3
4029,18,23694,0.4084107878481925,1
591,16,21740,0.1116366871708786,3
1717,12,49438,0.4410348058456205,3
2156,11,30996,0.3538707434482363,3
1620,6,32125,0.2233150472740052,3
1683,3,41409,0.642179411950315,3
1675,14,44200,0.950911488147832,3
4046,2,22970,0.20711347354958687,2
1861,11,10895,0.7117908398984504,1
2091,3,38071,0.742380889256743,3
3279,18,22258,0.4981205164258624,1
3426,1,23354,0.897668346100567,2
1146,1,30641,0.9663900660648401,2
2992,12,8444,0.3622464520538494,1
2713,15,9611,0.6510332980031875,1
3992,5,10528,0.6622126179001122,2
4244,6,999,0.40363552625250454,2
561,16,3760,0.3167910744946142,1
4531,12,36884,0.9337441982278135,0
1481,12,37179,0.7899815493126753,3
1245,3,21941,0.11446456597454413,2
3615,2,26022,0.11988407158488701,2
4554,7,43130,0.9225427688528266,0
292,2,43881,0.08140976502692443,3
3634,7,36451,0.6884213462431659,0
855,11,26521,0.2267582469444117,3
1784,11,47750,0.035185342741618664,3
2625,14,29639,0.0596375460800902,3
927,3,34621,0.37352210367956207,3
989,14,31449,0.07758845168936468,3
4848,11,13079,0.596639199933454,0
2555,4,6895,0.6472545113740756,2
2433,17,27979,0.37346857198304895,1
210,16,45703,0.7428780757183507,3
4815,3,12552,0.4900425201695773,2
892,10,27394,0.4302285034020821,3
4783,15,48821,0.40698808879012505,0
2743,8,32276,0.43110648734553736,0
3514,18,33630,0.9678876499344186,0
1409,3,4527,0.6814070600384377,2
396,7,12247,0.3152098471611,2
1729,10,17603,0.7338598702055653,1
668,9,36563,0.330267388322916,3
4805,14,45564,0.1257149077846762,0
4211,14,45502,0.4753603574556491,0
171,11,527,0.7510238591384141,1
4465,1,2922,0.3776599108873212,2
4482,4,5849,0.8691741420473429,2
165,6,30300,0.38695270408775984,3
979,5,27780,0.34983902550673174,3
167,3,45724,0.9982439138632666,3
1316,2,28140,0.4824720229900654,2
3127,3,17230,0.8052212097135061,2
3339,9,26693,0.8049880560599225,0
3580,19,6959,0.9263693370991793,1
607,19,35854,0.08489505445030365,3
3814,17,42730,0.2712202764268423,0
2984,18,19667,0.767748091546434,1
1225,11,26401,0.5626014923985649,3
985,12,48187,0.5596149423545339,3
2941,3,3323,0.1662153018702408,2
3977,18,445,0.2811530141139298,1
4970,6,17409,0.5213340857167345,2
2625,7,9963,0.2771813646746212,2
1025,1,15437,0.21028279269871508,2
4315,6,16855,0.08775605576999612,2
2038,18,16411,0.15572601192334556,1
3914,13,10847,0.768867762491973,1
3462,19,3236,0.7187791805847155,1
4683,7,13487,0.0458336843487116,2
3332,19,11848,0.20328408534411102,1
3844,9,13155,0.5604553467327162,2
3565,3,11255,0.32262784423677315,2
540,12,1979,0.8232496026795305,1
3711,18,21305,0.7849893076621469,1
561,8,9007,0.8915805579581095,2
711,9,35094,0.5629312315051159,3
3571,13,35098,0.3520764798090985,0
3263,8,24030,0.6060646961849178,2
105,10,33770,0.0891366797454578,3
4876,17,9734,0.009586017741467612,1
4070,7,6448,0.017093520120355365,2
2958,17,39605,0.40754293793421614,0
2706,18,12396,0.22807759410306327,1
198,2,27881,0.1573377058000477,3
625,3,31177,0.6153260156181705,3
1280,19,40122,0.9950950426131812,3
1789,1,47019,0.17775320361553637,3
1238,10,35297,0.5464214242139388,3
4591,14,45977,0.11972751399989379,0
4965,13,36680,0.934236441072139,0
3171,9,17916,0.29175516857058503,2
3027,6,31239,0.8783398200433784,0
2892,6,44084,0.28307643925037684,0
4878,19,34189,0.8060524801867195,0
114,10,13510,0.2093813334457727,3
2515,3,24966,0.2927894301534444,2
2785,18,22152,0.19247536540363397,1
3000,19,19202,0.26425987784965566,1
1336,5,26445,0.8348657553333153,2
4200,11,11152,0.6390324975466974,1
3320,10,5617,0.40587966883722404,2
1707,17,1195,0.9715210270821563,1
3663,4,38997,0.46486152712957374,0
3397,18,25433,0.9697599712588514,1
2733,18,5305,0.19658692291086022,1
3990,1,8077,0.9046384271149494,2
4364,14,48648,0.013822204097494684,0
2908,8,31385,0.5453032023657575,0
891,2,42113,0.4230523942920148,3
1099,19,49994,0.5250878454719793,3
251,15,37968,0.553444831947699,3
3163,2,42642,0.38903135406771094,0
4699,4,33062,0.9981978468860951,0
2191,1,6097,0.9765071903006258,2
4699,19,39180,0.9617453767045951,0
4182,10,41604,0.9790850473765879,0
4126,1,44593,0.7930123987693986,0
3077,15,6678,0.9885904790263319,1
942,4,32121,0.8923602252751419,3
4546,7,48503,0.4159326370324211,0
3893,7,21404,0.7847771083834078,0
2170,18,5743,0.9120678451256258,1
1759,13,16494,0.7126060735870925,1
697,10,41543,0.42278234056560393,3
2613,8,44185,0.06579024201642525,3
4235,10,9678,0.8096969370605877,2
4370,14,37632,0.9527428731264703,0
3703,14,46235,0.36246326022992637,0
1316,11,1648,0.1519060509889396,1
2391,6,15677,0.3265038394705557,2
3911,1,48686,0.5826223581782463,0
1031,19,22765,0.31692900328223617,1
2238,7,2381,0.6106187301963539,2
4102,18,16489,0.9668522322446306,1
3078,3,11745,0.6707344933076825,2
3992,11,5818,0.3626593662856217,1
4695,5,42654,0.9357529714715349,0
3018,19,33149,0.5656352687011439,1
2664,2,27312,0.12837239853256666,2
1863,4,37124,0.49898100519376154,3
2270,10,38686,0.6536364449100499,3
435,2,1316,0.8382543658167385,2
1276,8,5454,0.9364767867076473,2
3121,1,13107,0.3174161337163852,2
878,6,4074,0.1555123640790368,2
1285,11,21188,0.07382864219388241,3
3385,10,47579,0.7383546027082828,0
3547,13,31968,0.795158252715432,0
4091,1,40389,0.40937312692816685,0
2570,2,49814,0.395925407173629,3
1038,3,23102,0.9542370316546319,2
4999,9,48894,0.9166813250803274,0
4106,5,41422,0.23326590191704322,0
2035,10,31957,0.7808076477498073,3
733,10,12872,0.62270039623294,1
1353,12,47719,0.1542227391196399,3
1182,18,8349,0.3567710470865604,1
2243,1,19693,0.17747294130748248,2
1385,3,32627,0.2951560388218386,3
453,5,43677,0.6153011757733516,3
1985,17,10760,0.37526547104343966,1
1918,8,11584,0.3940595198358572,2
2620,17,2106,0.5396472926171898,1
4108,9,13669,0.08722413884172275,2
3122,6,25223,0.7387972898494148,2
2684,17,35706,0.40170953341334004,1
1647,8,2483,0.4803970882023202,2
4118,7,27482,0.9742997288546317,0
4304,7,34143,0.344366888318254,0
1468,15,24240,0.6482189359739254,1
3437,7,10015,0.3925043172958107,2
1857,8,16628,0.8942827186836781,2
1617,9,25443,0.8467562669950395,3
3584,15,30819,0.24162427176238432,0
3785,2,15060,0.6917457126109006,2
3152,7,27437,0.06517199589720701,2
2796,15,49631,0.9631853895298901,0
290,18,10654,0.34899010801415753,1
1032,18,14253,0.831842772584767,1
4337,10,11565,0.31843136607730993,2
3338,18,27597,0.632770741196872,1
2315,1,27768,0.9835907919843317,2
665,7,87,0.8767498631316303,2
1234,3,9432,0.1603659099049074,2
843,14,8764,0.5474884331494713,1
772,12,178,0.34853178211469016,1
3011,14,26301,0.4343388516482918,1
630,4,49314,0.3351831292187686,3
3121,13,35408,0.33595924819551315,0
661,16,41965,0.5425532437766114,3
401,16,31913,0.1919640091231526,3
3867,5,18732,0.5373954252333647,2
4380,6,2421,0.2789654371983009,2
609,6,43715,0.2889829042417996,3
3545,18,20526,0.7387480290356228,1
2303,6,28317,0.02959360355993579,3
2934,7,1217,0.3809457626738071,2
894,16,35242,0.40753438015364507,3
2579,9,929,0.48511013971817274,2
1623,13,40726,0.6690110247295387,3
4956,12,34270,0.36968678273708655,0
2294,19,33188,0.21313710430645505,1
2628,1,13580,0.8848728405463087,2
534,8,48608,0.9810386266812119,3
2138,4,38598,0.020014693172932807,3
1806,19,30431,0.5464668510006979,1
168,5,20742,0.3417023791091982,3
2004,17,17833,0.27698957538720925,1
4059,3,30885,0.3357063908699355,0
3051,19,5811,0.6388777564262006,1
4749,1,8619,0.1907160102297949,2
2813,1,24255,0.9128607116579502,2
3469,9,24972,0.4661145249394758,0
4695,5,13527,0.3255768331493284,2
3827,7,48991,0.765531331547599,0
2504,6,32874,0.01634666523619266,3
3425,17,4049,0.43185286573803683,1
3646,17,41057,0.35530360100122993,0
2403,13,1903,0.33820990998973444,1
3781,12,44261,0.3370713620905832,0
3321,4,5376,0.031271377747267404,2
4474,8,42,0.15211640300883977,2
1182,5,22769,0.1418851593124144,3
545,5,1577,0.9886105048195221,2
4950,13,12382,0.02216575589061176,1
1692,11,22449,0.16707365635199822,3
2875,8,38653,0.9741745086586968,0
3916,8,28859,0.6282565938100043,0
3153,1,8576,0.4506671206067313,2
1690,13,45874,0.07876093304636989,3
2331,5,11663,0.6696611616328767,2
1661,8,36345,0.13780298768126786,3
4372,17,48910,0.6711861221591816,0
3746,13,5244,0.9791764972000584,1
3338,9,34902,0.5319726586169528,0
1700,2,3892,0.2140846545026608,2
2156,19,27112,0.6252837508795982,1
4431,17,4321,0.5129296877912829,1
809,7,5776,0.533140263610646,2
3071,3,43352,0.4781069461199968,0
2832,19,16119,0.6737405742435558,1
893,19,30569,0.571945362407002,1
3199,9,38596,0.9869950774543729,0
2955,10,33063,0.8258634210423188,0
126,14,33181,0.26469837771100657,3
3367,18,22340,0.7257565219049736,1
184,15,10187,0.21430034938473452,1
3201,1,47084,0.7823464080813912,0
1222,6,6668,0.14755763997734217,2
111,15,15344,0.4735538335472381,1
1848,6,8195,0.7906061983060746,2
3209,18,16561,0.2801127023065654,1
1976,1,37122,0.8371191251316631,2
2719,3,22298,0.644150709033972,2
279,17,38250,0.39752232910721585,3
896,16,16076,0.42341670930627184,1
3913,8,15376,0.9259915339198553,2
2124,17,36039,0.21779100001237928,3
3317,8,43442,0.6933626151747102,0
986,17,5392,0.7072942057415355,1
2568,9,49441,0.9224496931836367,0
3487,12,27106,0.7131642687573406,0
1619,19,14309,0.584467418058375,1
2532,4,24809,0.9025225390162929,2
4966,11,49559,0.829132029648398,0
1016,4,693,0.7167764548342263,2
2170,14,33937,0.032578382392174476,3
4076,14,29233,0.3735204182403614,0
1881,6,8623,0.6318896722018543,2
438,17,40550,0.522250524356765,3
1616,2,46624,0.31931832649784386,3
2970,8,9174,0.1444239155097765,2
3682,4,11352,0.5529965826889216,2
1014,10,5530,0.285917575862213,1
3390,7,4992,0.23300048980899635,2
4670,4,23354,0.39895822705493356,0
1546,16,3312,0.7854914332142686,1
1479,14,45833,0.4878535023663122,3
1583,16,4318,0.21649221049866996,1
2174,9,46827,0.11690314228004839,3
900,4,34456,0.49898726377479996,3
1346,6,467,0.7943663984222346,2
2837,1,27192,0.6528180236539404,2
3595,7,42305,0.23214888014324964,0
4934,1,35190,0.4367065856894923,0
3357,19,23663,0.8552303633440688,1
3977,8,31246,0.1776559078528389,0
1081,3,47372,0.532080570682897,3
2576,1,37489,0.35623150876084153,2
2188,1,41971,0.12417975482951937,3
3052,7,40309,0.049903920910898236,0
1111,13,42637,0.5558713846457952,3
3564,1,28273,0.020748873740378926,2
2850,16,47553,0.10344611669293491,3
2226,14,29473,0.3475642811617412,3
4912,4,13679,0.04352018535576274,2
3961,12,27445,0.40044522645188485,0
2691,12,45310,0.130365024176891,3
1573,17,17870,0.34987309070015393,1
2621,15,47229,0.7911596870900682,0
1265,10,25992,0.626364344476658,3
3422,3,29433,0.44540107778750915,2
709,12,11038,0.09183330785516042,1
2283,1,25933,0.6191496593147331,2
2631,1,45020,0.16370965250905034,3
2961,10,29236,0.07658634386161489,3
4750,18,9770,0.6639960174596078,1
1755,15,3749,0.9120598978210075,1
1855,2,44585,0.46059343677052234,3
145,17,35271,0.04099591060811403,3
1359,8,7855,0.880297717418541,2
4738,9,46146,0.06697376612357409,0
3332,11,44097,0.8675132427015871,0
1551,6,23439,0.39181937322293103,2
2218,14,30290,0.3653945386230897,3
2667,1,11101,0.5427973794564518,2
2092,7,27240,0.9570848174442188,2
3223,9,16783,0.8987405450859782,2
2440,11,44917,0.4703300883047672,3
1588,16,26809,0.6958232310238185,1
1673,19,47387,0.5804292523434124,3
2527,2,17923,0.6934615790631674,2
1866,15,47753,0.829327460062097,3
3649,3,15026,0.03449382886859387,2
2409,4,41196,0.3257598539278975,3
4775,7,23569,0.9593291082338672,0
2504,12,41887,0.9493363085249241,0
1542,4,20893,0.011220889977462511,2
4893,10,22435,0.20144012992236626,0
2076,6,36892,0.9937700423443627,0
4073,14,32399,0.4928250758994859,0
2590,3,25236,0.5728660039668526,2
825,17,27199,0.16642018552245252,3
3903,11,20334,0.8943356087585296,0
4481,10,49143,0.23126429964911288,0
3927,10,33217,0.18964763001953655,0
4765,10,49531,0.22812240332032818,0
3719,3,15034,0.9196217026410087,2
2987,15,31085,0.7028467071768492,0
597,17,9442,0.7685963944902751,1
4076,18,12643,0.37703635818425274,1
804,19,35069,0.9091770149305614,3
4757,19,7710,0.7894079523393898,1
4227,12,38560,0.7505973625073212,0
3781,5,42427,0.9709402836729517,0
4238,16,7216,0.36619683079334864,1
2016,15,11712,0.6109736467958812,1
1474,15,4905,0.9099296989772162,1
1945,6,48534,0.7908889431859525,3
4754,12,38767,0.563378958225615,0
1536,2,27930,0.07621368478019885,2
3190,9,31192,0.6527234395556732,0
1470,4,23506,0.5265555568678522,2
2028,5,49751,0.1841804614846264,3
1736,8,7288,0.8822531233425974,2
191,10,44034,0.34324859489874326,3
1943,7,30011,0.38747989351729695,3
284,14,15586,0.6724015487964106,1
4923,5,32400,0.48879874204124096,0
1671,16,1567,0.08928107627914939,1
931,15,47878,0.38744161735523475,3
4540,5,48850,0.09446611793823312,0
2225,3,1094,0.1907504031233812,2
4362,10,11135,0.007174438350453838,2
363,5,13508,0.1813130814846622,2
1386,15,45113,0.3304473539983609,3
1629,18,9684,0.5382184337322946,1
1908,8,27247,0.9192772111827322,2
1977,2,6191,0.5403268672420553,2
1849,8,17842,0.7056035413643416,2
2009,8,8046,0.3576770913057742,2
2723,4,4934,0.7516307935672674,2
1297,19,46806,0.6204687460514774,3
2578,18,1354,0.45979401327486125,1
4963,1,39241,0.19376879489122578,0
2610,15,29816,0.30354090799729894,1
200,18,45562,0.6209460873757551,3
3187,12,2963,0.42605632436457297,1
2019,1,27424,0.8893865567490519,2
2391,7,14503,0.2348402715355853,2
3420,19,3042,0.07307265225327231,1
204,1,30241,0.5893485765054844,3
793,7,39741,0.886050840190076,3
3340,2,7139,0.36473902943978864,2
3591,7,11226,0.6477113348681651,2
3492,19,39698,0.23141262217714864,0
2368,13,14762,0.5584719216726883,1
3883,5,18116,0.7867921008626532,2
3612,19,38108,0.8670315987766839,0
989,1,5111,0.10511912985239669,2
889,1,3081,0.35637451629324546,2
4748,18,29815,0.6396444419358702,0
758,1,7802,0.034722868093652215,2
1118,5,42230,0.690615200150827,3
2053,9,48348,0.5280338828038271,3
1290,12,17913,0.2885662792200264,1
3806,9,17465,0.8146544505940505,2
3757,18,7994,0.29005071229577517,1
4946,11,3531,0.9914150462038034,1
2396,1,9343,0.8163701891133404,2
874,19,33484,0.7079805013830877,3
2911,10,6229,0.061347557962646015,2
1480,2,28775,0.9043103719872735,2
3282,7,26766,0.7900553057375509,0
4887,2,16588,0.22902507929180227,2
4914,19,23168,0.392248181326889,1
4429,6,44789,0.26863155161914287,0
3197,10,44069,0.9844160341810665,0
1504,9,36862,0.8541964448055595,3
3901,8,21866,0.9302253026951025,0
1469,11,9524,0.7887742363754299,1
2164,9,22538,0.4563482410702475,2
2392,9,42809,0.20543424981468505,3
2865,8,21226,0.2080801569097338,2
2917,15,8103,0.151682848366677,1
816,2,18402,0.546649550303397,2
4140,1,15090,0.9199665228636426,2
1811,9,15915,0.9917980700457663,2
1325,9,41477,0.2872998000367648,3
108,13,34206,0.6973145402967293,3
697,8,21511,0.5970980156103778,3
4218,5,15029,0.4889361168763111,2
1708,3,30831,0.6657686438120414,2
3131,4,23531,0.37136301898006896,2
3767,17,4517,0.9444847750934495,1
2346,16,21961,0.705448867706337,1
3726,16,26835,0.7542010919924448,0
4171,3,27725,0.24242209500607392,2
2922,6,25357,0.16858200349761943,2
191,1,43673,0.394340793094323,3
950,16,1244,0.766672485336154,1
1207,15,2416,0.9387959097528575,1
399,7,48061,0.4273298259740078,3
2443,2,6490,0.774156792497166,2
1577,10,11683,0.47040761946680953,1
1182,15,5839,0.2952282495554638,1
3056,6,24992,0.7392651507258476,2
3018,2,47618,0.7982021339813272,0
1465,17,44938,0.20284079408068023,3
2900,1,44735,0.30516950204533067,0
3636,1,37777,0.49477684347366224,0
4051,4,47080,0.1865218297668767,0
2209,16,8924,0.9288342987537925,1
875,8,15921,0.5913339125607484,2
1552,1,24260,0.12120327737169267,2
1781,19,28380,0.18402986468246207,1
2403,11,18811,0.9543553453248445,1
1951,17,5721,0.7381685856966183,1
1997,10,41191,0.7344050845049861,3
3518,12,4930,0.07249859400505454,1
3697,9,4353,0.895298837708947,2
1427,7,7832,0.4437353625586046,2
714,12,49554,0.6597173226399262,3
344,15,22951,0.959689219114014,1
856,8,49216,0.10001238035655691,3
923,17,7770,0.4822764594865787,1
2927,5,25525,0.04961273666193178,2
3907,14,16556,0.49954542332371543,1
2879,2,15094,0.25225941048757106,2
1946,16,7935,0.9110655292738706,1
1340,17,2675,0.39849249427308686,1
4711,3,31280,0.6338724460520792,0
573,1,11240,0.860287264814549,2
4231,18,4005,0.9836918584171765,1
3349,18,6544,0.503819370328546,1
1892,4,17332,0.4557577028614559,2
1834,15,26836,0.07573964529645871,3
4042,19,14388,0.012738943337215036,1
1044,19,47727,0.6088020924984962,3
1611,10,1694,0.06546435214764601,2
4181,5,21141,0.38037893703847325,2
4626,19,22666,0.003606436106461497,1
958,11,47521,0.6152274989656707,3
3660,7,49294,0.4254151604404962,0
329,5,38769,0.12702076978628785,3
2517,12,39420,0.2963676068408221,3
277,19,47753,0.5696606989719245,3
4028,15,37349,0.656713368009977,0
2715,12,37855,0.4623358796634468,0
1713,4,1460,0.8039591160909458,2
2940,12,36655,0.11244041170298569,3
3047,18,47646,0.08454572261240778,0
1874,17,41252,0.04424426901780831,3
3971,19,9835,0.5358278394494422,1
181,16,48411,0.7062317042344579,3
945,11,10910,0.13052139942252972,1
2909,2,17221,0.6389456218553925,2
1316,16,25613,0.4769477661895347,1
4813,1,31353,0.9873445001511152,0
3360,17,38614,0.7174736092664115,0
3245,18,8463,0.6574733351916259,1
2363,13,13336,0.5704497348723445,1
2437,5,26534,0.9973661815497038,2
544,6,2369,0.9804591708545773,2
1022,1,25381,0.5381151254945216,2
4388,10,46760,0.4551833473342617,0
4484,5,19558,0.46211492270175236,2
2730,1,22369,0.42834239032336563,2
1267,11,33650,0.5313983069963222,3
4063,7,30954,0.27358426781437073,0
3541,18,25407,0.9267887831144266,1
3612,10,35939,0.49023008146193525,0
995,15,26767,0.8420078118386092,1
3822,4,2040,0.47530367466762,2
2160,16,23116,0.7182902739102429,1
3134,15,26170,0.33688196447658003,1
2487,15,6372,0.6248068577332605,1
1997,12,22369,0.4983714454509194,1
1899,8,7562,0.36711425653360985,2
4507,8,44544,0.881556261068001,0
2880,18,5900,0.11271168274890897,1
1227,6,40733,0.4869231483191103,3
438,5,21700,0.19436907326613673,3
4554,2,41233,0.8610550912175915,0
1272,12,589,0.2534693447156634,1
2908,4,5063,0.6334303401118216,2
4963,13,20017,0.16556351508535405,0
3129,17,18374,0.4049136694708366,1
2189,16,22899,0.8993571956493642,1
4397,9,49008,0.16606444440194046,0
3117,1,1258,0.6631958253483397,2
4659,15,13598,0.20451037055595478,1
548,12,2866,0.4157490525321659,1
4993,5,49723,0.5406168843745993,0
893,18,41504,0.5773064181897478,3
536,2,30132,0.6025113375531553,3
4726,4,29404,0.6401314153909222,0
4760,15,45472,0.2717686976737975,0
1720,6,637,0.4013674857171591,2
3601,12,24616,0.037318663575064415,0
3019,18,37650,0.7687569765313751,0
4408,4,15828,0.8370995017889024,2
1048,1,26196,0.19923676348554553,2
4044,15,36440,0.20144396462968184,0
1227,18,45097,0.04203640219042071,3
291,14,47735,0.9703838227924875,3
4112,3,32022,0.8071865681172291,0
3860,15,32202,0.3607032029060321,0
3830,5,28704,0.4819082714698253,0
1503,3,25875,0.2919669606508686,2
2090,7,23641,0.5972439683220844,2
1204,6,37479,0.7173084123335083,3
4900,1,13235,0.44736847799187207,2
648,19,22027,0.8735941932916235,1
3548,7,32927,0.51702586221881,0
1961,4,42912,0.14425326907781078,3
4349,12,47561,0.6222913758376416,0
670,18,42691,0.46223096590780255,3
1884,9,27022,0.9356718630817258,2
2387,19,5938,0.39189392093591346,1
2521,4,44122,0.40286573915010404,3
4072,1,42692,0.6507733897816103,0
904,9,33348,0.526986218326428,3
898,15,32209,0.37444987753843484,3
3375,8,37242,0.9897744156800895,0
710,15,9941,0.30218550999941685,1
1906,15,7073,0.27752879198502856,1
4338,18,42430,0.8644276285221034,0
3360,7,37827,0.003372943550555507,0
4467,18,46225,0.20125316090490764,0
3471,16,37096,0.5904466882619761,0
2573,2,921,0.16245052784466485,2
2193,4,2773,0.9858039227235882,2
2242,16,4462,0.46419562242163104,1
4101,3,20960,0.5973640749605509,2
3180,2,30268,0.16037346510519312,2
4654,3,19818,0.28937810087192783,2
1532,5,39501,0.6146247826794156,3
2617,2,44542,0.5495533732863976,0
2957,19,42078,0.784363945441166,0
605,2,1865,0.26923317857431617,2
1196,2,30706,0.653542146706534,2
4279,18,28887,0.29097550574886544,0
4254,14,49876,0.5867526197461204,0
1144,15,30511,0.6050309676852086,3
2304,12,33479,0.12183911135448877,3
4002,11,40478,0.5486331106862661,0
1452,11,26401,0.011938299954182496,3
1696,7,28502,0.5012107513746915,3
675,12,46214,0.697521888608075,3
779,16,13394,0.07283272898998872,1
4398,5,33158,0.9387108164170271,0
3812,2,9262,0.4587555319894543,2
3928,16,4487,0.9384162756240619,1
1229,15,27341,0.1073984236911325,3
4004,11,43388,0.9499025944195347,0
3293,6,13570,0.10919709942534672,2
417,13,29605,0.46149579845133604,3
3796,19,6066,0.9379920667268656,1
4601,10,37262,0.23270820038887152,0
3096,19,26723,0.03478498085873405,1
3694,5,3572,0.7931106750282209,2
3309,7,12670,0.5958836376690099,2
2642,11,27839,0.5139211929014407,0
778,14,48707,0.034343384353218376,3
1989,16,49028,0.6532312688068451,3
1743,18,28401,0.1716233518845648,1
934,4,10249,0.9311966802046954,2
2341,1,2311,0.685726951075682,2
2455,15,32011,0.7070338880338365,1
1768,14,43839,0.23258027261128045,3
2653,19,39541,0.8807538380567184,0
380,5,39673,0.537732570783201,3
2862,4,3642,0.8570841778142305,2
4803,13,6338,0.270947474832276,1
4678,18,49114,0.7554617130982461,0
1346,12,9622,0.5745669036600475,1
1872,15,48423,0.048419305810581625,3
2264,9,42873,0.40534232377328694,3
291,4,39008,0.18391046512346487,3
2935,5,47565,0.3591735878787561,0
2765,9,7806,0.38335163426522245,2
2663,13,757,0.47492835302838476,1
406,10,26710,0.6002904427284631,3
631,16,21470,0.5709776524981992,1
4317,13,6220,0.03899140470499507,1
2796,4,42872,0.7506892184887218,0
4787,13,26315,0.9491838844727682,0
158,8,27793,0.34868128898496664,3
1673,13,14316,0.17974690133825855,1
1240,15,42094,0.5400015631153853,3
1910,13,22505,0.7049129282441441,1
3298,5,28288,0.6789048945276632,0
3576,6,8956,0.6121095775008583,2
4594,5,19109,0.14623225212820856,2
2662,13,3497,0.8368248944029983,1
2952,5,9864,0.4256215624188153,2
1041,13,31510,0.22146858303187,3
4723,8,27981,0.08626614106309649,0
1874,9,22026,0.41671911497304903,2
1521,19,8774,0.6179730468473074,1
535,15,46807,0.6653777091515077,3
939,10,21017,0.9627369113972567,1
4101,11,1821,0.15314808366375743,1
4555,5,45485,0.985773665197552,0
2781,9,18021,0.6546758805722279,2
1750,11,10372,0.45422905770720146,1
1345,19,41148,0.8881942258481593,3
2361,2,34514,0.6944797419533928,2
1015,6,28402,0.34871721485701523,3
2739,1,5797,0.8840856965764616,2
3989,3,16283,0.6666154568195348,2
4581,3,40857,0.6988373557942195,0
1426,14,44905,0.8963898880860262,3
3458,5,7597,0.44841620796905524,2
1685,17,30320,0.6569041059597566,1
3468,15,31261,0.7446890216377804,0
488,6,6107,0.45394005813078153,2
2891,14,25760,0.08345211573779343,1
3432,14,35561,0.7714397690943607,0
803,17,11138,0.04781635274336182,1
2920,8,35268,0.7179144017227382,0
1159,8,31608,0.9108752085245531,3
4274,19,13138,0.3469689983700185,1
1398,9,41129,0.10206178513782682,3
1401,11,37693,0.2328639897908411,3
773,13,17464,0.5622815641253924,1
2459,13,21248,0.9426597431060864,1
4399,19,37221,0.5122827298861168,0
4212,19,18632,0.11273728819669626,1
4671,5,47547,0.627783173716338,0
3682,16,12100,0.7328449367879414,1
1116,9,47930,0.39328366999279096,3
309,3,1325,0.7215140643454145,2
598,19,11369,0.32482281513918976,1
528,5,10340,0.7890901515964134,2
3739,8,13408,0.341072159570069,2
3251,14,19369,0.25610709160062595,1
2205,3,18460,0.879181405891575,2
1653,13,26105,0.5484734211753962,3
3306,11,31384,0.28515628874168475,0
2669,8,1461,0.9350868896470673,2
2728,19,42362,0.6908511754660492,0
1976,10,32840,0.2207003996555672,3
1167,18,28610,0.6146423545927806,1
1606,18,38798,0.8703588312890246,3
3113,7,20995,0.6961531425400574,2
1767,16,19180,0.24475915076013044,1
4688,6,7717,0.6488483286945148,2
4800,16,13331,0.6191593727202008,1
4166,16,13936,0.8208436635786887,1
1047,1,29550,0.1781325969966998,3
4489,19,20615,0.6996346670013599,1
1271,3,3576,0.027370692133702024,2
271,6,40868,0.6961753006357676,3
4726,4,32503,0.960437303938557,0
1243,4,46380,0.17438826624961745,3
1959,4,5728,0.3112997728190089,2
2288,10,32800,0.5828715720285512,3
2593,9,10886,0.7323950458572557,2
3677,8,14078,0.34437139040453435,2
288,19,4373,0.6642589771401376,1
4176,17,47236,0.899278792536333,0
257,17,45805,0.7265587872242619,3
2817,1,32532,0.7110227176022441,2
2070,14,47229,0.3819706584166159,3
345,11,35160,0.9114293088382008,3
3003,3,28688,0.27732294196107776,2
2895,8,11063,0.20528035661970068,2
3924,10,23089,0.36422393372650386,0
2477,17,33585,0.650156220738494,1
949,8,6203,0.8616779861945068,2
1910,1,2438,0.13207878234731707,2
4086,7,27559,0.813802177260163,0
2226,9,23212,0.8128233946689951,2
4364,12,6641,0.5869193565900861,1
3130,9,16983,0.7606479395780257,2
2407,3,14026,0.18188069815158736,2
3176,4,49831,0.1695860008207134,0
2444,10,19636,0.8628000341287271,1
719,4,34603,0.4981484372345669,3
3002,9,12222,0.2459372142528491,2
2507,1,2177,0.6887303576063237,2
4552,5,40910,0.891875166934221,0
3104,9,32916,0.6323226459442498,0
4014,5,13105,0.3473450429400172,2
2586,6,34512,0.48323776529301454,0
3502,19,1646,0.7522694609453395,1
3696,8,9864,0.06750122887238752,2
1777,10,46434,0.21716451595644226,3
4139,11,26515,0.4625831866494472,0
1404,13,23762,0.6042409640970987,1
4193,4,36435,0.33916559104232447,0
2063,11,16960,0.2983909218698807,1
3407,12,44055,0.04138419569972129,0
1461,5,27607,0.03260177205144754,3
4394,10,16302,0.2786948543028256,2
1887,7,45778,0.530506100089543,3
1173,9,30941,0.5563714964454115,3
1265,9,31321,0.49402749286686887,3
3699,10,30313,0.4098806840028343,0
2817,10,37547,0.2522915892613208,0
3253,2,40955,0.4006944315927822,0
4226,4,13029,0.1387599653855135,2
3155,8,35740,0.1152592290260368,0
759,14,18429,0.2999432568137914,1
4742,17,28512,0.9953487964272196,0
2682,13,11140,0.32649694751639846,1
1229,18,14847,0.9364563903551052,1
2374,18,47191,0.392262145767694,3
4566,13,34256,0.4390099911996094,0
1568,8,28774,0.7970628832022295,3
2202,12,9127,0.0936383274474567,1
3366,1,28205,0.1823133235936395,2
2571,18,42674,0.9738402649752147,0
1251,3,34570,0.5059173399606947,3
192,12,15627,0.0443096822086303,3
2666,19,36288,0.047380733056050506,3
1381,13,38664,0.9072406837773928,3
3000,10,32333,0.8733650895587176,0
2899,15,48012,0.4583991069451001,0
3277,2,36079,0.16322208594459875,0
4611,19,18689,0.8302846063624797,1
2704,3,24259,0.3246001072796505,2
3981,14,26571,0.41905839866309536,0
2513,7,8009,0.682476379049318,2
1644,8,44674,0.35339835340765446,3
3630,11,44995,0.628669926698293,0
2746,6,38230,0.8852827104425843,0
4884,11,45828,0.7973732687744775,0
2158,17,36226,0.3816110738671604,3
4614,10,36498,0.2879365547037348,0
1245,17,28820,0.285510448739559,3
1010,2,40315,0.34859115037658306,3
3406,6,29482,0.4935169867247723,0
1666,5,32795,0.4165974806939431,3
2495,4,48276,0.13300402098765784,3
3105,2,19875,0.1634558583339083,2
4607,12,39191,0.3429296093981834,0
4348,3,12453,0.5620641000588573,2
191,6,49490,0.5926639501334947,3
4092,14,9260,0.48620706489663,1
430,8,48629,0.7387758812075146,3
1054,14,49993,0.7372487887567366,3
3880,3,45244,0.42762747168738857,0
2701,16,45706,0.12444081076094426,3
3077,15,49445,0.5301747697671232,0
4389,7,42817,0.3814690639938326,0
629,15,25898,0.13792298976370332,3
2992,13,5614,0.9818172099648392,1
1366,6,31843,0.3697553892801022,3
1573,15,44451,0.6257978396212309,3
4834,17,11687,0.4901288613365966,1
1697,4,3801,0.1428282792167661,2
2625,14,41048,0.05554362337257057,3
4893,15,40144,0.6257694150819589,0
3861,12,28942,0.24702187034788559,0
2842,19,10148,0.24365399961371503,1
4735,10,46828,0.9569761897103106,0
4525,6,17283,0.4617733043112914,2
569,9,19861,0.02942606650068924,3
3930,2,34512,0.3398427151498068,0
633,4,22480,0.5844915422522267,2
4662,9,18637,0.3285674185171208,0
4155,15,44621,0.02685195403414231,0
3779,13,47431,0.4443112654667354,0
4187,8,34401,0.10590633617477785,0
861,19,23385,0.6191600246627044,1
990,19,25437,0.619587100222688,1
2455,16,8149,0.037759139598400715,1
2055,11,14671,0.29066626159937725,1
3071,10,37469,0.41368626373900386,0
1772,8,23119,0.550264097859178,2
2936,1,46117,0.2960634297081951,0
3744,10,33781,0.28774651255139816,0
2397,18,16279,0.9830151562502594,1
4161,3,3299,0.041862795720899904,2
3266,11,34274,0.9890454140911519,0
1419,18,4803,0.04775194107839653,1
283,3,17361,0.28834142779468586,2
1383,8,18201,0.49369085496935006,2
2946,14,28634,0.1432983430143252,1
2333,6,14760,0.13484636251872384,2
4188,15,10826,0.25631271326094585,1
1532,14,21285,0.9735071835735695,1
3240,7,46589,0.38011685887456415,0
1896,10,45775,0.5659948382691918,3
4822,15,48554,0.7042914023816463,0
2155,10,9140,0.7422218355242104,1
3436,17,6798,0.6880409663453548,1
882,19,49625,0.33692819319172485,3
1607,17,567,0.11172782735606246,1
4970,12,11624,0.28171647533321087,1
3954,15,12215,0.21029522676950663,1
776,12,7966,0.13627730486931677,1
1930,9,40888,0.024496731751618706,3
4190,5,49047,0.9357258490584142,0
4406,4,29753,0.9210343865453382,0
1460,12,44104,0.050417005630169265,3
4685,16,37078,0.1730845728204018,0
2786,9,45955,0.13950047146279365,3
290,3,46857,0.28122293442151736,3
942,3,1982,0.20406887047874112,2
434,18,33864,0.945853537397855,3
1210,17,13582,0.08417043656020384,1
678,10,19954,0.21167082700450324,3
161,2,39265,0.08072330458291443,3
486,11,46313,0.9803853486444364,3
1269,3,44350,0.918413509097005,3
2300,2,15378,0.716631589765411,2
4814,9,43632,0.42597303221991334,0
1783,19,4279,0.19017813552399254,1
586,2,27924,0.22148972502014241,3
3832,19,17057,0.44304000855601144,1
640,2,7312,0.7682226713364816,2
2160,15,30353,0.2647294959989589,3
4346,3,48208,0.31079191253464666,0
1338,5,35137,0.5999442914044706,3
1090,11,20914,0.2377293622782536,3
4567,7,16192,0.5842186212928036,2
2399,6,17450,0.38713089327228456,2
4007,14,5432,0.03436820590134804,1
4388,1,31012,0.4027012862319639,0
1180,17,33455,0.9195252795191449,1
297,17,13175,0.2931118791334606,1
2294,14,68,0.32283238943646897,1
1698,10,10295,0.06594088805928688,2
1700,8,6774,0.6150474485692943,2
3792,8,49571,0.8492423642983389,0
3965,14,12190,0.35292289309310165,1
783,7,31286,0.24024555751998844,3
3183,6,10789,0.9566118541638586,2
4089,4,28914,0.7450726145914884,0
432,1,31944,0.5671635592832646,3
1871,15,6891,0.3055311663448841,1
4300,15,21977,0.22079801797640086,1
2821,1,30351,0.7157440390004672,2
906,3,10316,0.5217888171373442,2
1164,5,33207,0.5205998168029811,3
988,5,25654,0.0737098186722438,3
3023,4,7466,0.5121944767596059,2
420,17,17637,0.8227440310394937,1
4057,14,3209,0.946799277795759,1
2482,8,36317,0.10668239748173514,3
3331,2,49766,0.6311652106990708,0
2411,8,3078,0.5683472507982469,2
3701,1,27299,0.8903124909481418,2
1600,4,36258,0.7512440301848715,3
1668,19,3543,0.9652618691653132,1
3381,5,29091,0.9600325375819962,0
1619,5,28947,0.2256850933452208,3
2018,19,22064,0.7253508719004221,1
4189,12,6751,0.5305230913648944,1
1965,1,14906,0.21460199521530543,2
1505,7,18096,0.19486908221740074,2
2823,17,14425,0.0810843412662865,1
104,2,11811,0.795545276418689,2
1268,11,17578,0.32450478062000954,1
2498,7,6781,0.8569688353289665,2
2730,17,21290,0.6083153660232146,1
447,3,15563,0.6736333548384608,2
4320,6,25888,0.29167374961019665,0
1913,11,27491,0.45729427939568357,3
3442,18,47565,0.41231757808312486,0
2674,18,32352,0.2356886639246012,1
3925,10,49901,0.8325121685267926,0
4693,5,21676,0.6220845058066211,0
152,15,300,0.03743197745307014,1
248,4,37463,0.8199170193786884,3
602,1,44942,0.10603775602859145,3
969,15,48990,0.40369643353255924,3
3621,17,21008,0.5712569016303779,1
4414,19,20221,0.007651245661217998,1
3971,14,49429,0.6529081054429361,0
1400,19,29334,0.659702939560257,1
2599,18,43518,0.6525263171326467,0
4133,2,20301,0.16346793810627713,2
3389,6,7307,0.2557323267735494,2
4933,13,29251,0.24737581953274024,0
3953,17,46586,0.960066983179637,0
2551,6,34157,0.06752818722587728,3
4485,5,8882,0.42876150770350396,2
438,7,10040,0.8712539058201941,2
2924,1,6141,0.769465994447716,2
1793,13,45878,0.8224421246489267,3
1086,19,5969,0.972293584122333,1
3590,1,13162,0.3872618122731889,2
2833,13,9131,0.30965527438046114,1
3867,11,5037,0.03065949015019731,1
4176,7,22378,0.15001936178986208,2
2106,3,14693,0.5620146545430241,2
3207,1,26626,0.15766059505334007,2
4568,8,2451,0.7363050159809107,2
3430,17,24,0.037232604915937495,1
3141,13,5962,0.2594880232378819,1
630,14,35324,0.6954531233884886,3
1023,5,31415,0.2555028242390638,3
4218,6,24016,0.728760464224464,0
340,6,16444,0.9958638754307019,2
1996,8,40443,0.7970839554491036,3
3424,13,16506,0.3418354587610025,1
913,18,38384,0.9005919006282612,3
4850,4,43062,0.051179735668209436,0
882,17,31693,0.7250068244473121,3
4155,5,46778,0.023322331562675047,0
107,3,24248,0.17455549535696502,3
3873,4,46162,0.9875857415385745,0
4770,5,42690,0.360884912494307,0
3239,14,4089,0.8204993781642388,1
3889,15,47216,0.376086712835602,0
4151,17,2472,0.8400284507978156,1
617,6,43237,0.9654395601267742,3
3290,10,40218,0.4355362434191665,0
3202,16,35732,0.5593491918482794,0
4678,17,8104,0.6286394899635678,1
2816,14,17694,0.9348348021752354,1
678,12,24730,0.2567440874345579,3
4582,9,34980,0.6112493728337267,0
4607,15,9454,0.3247202282231425,1
1965,12,39560,0.21693318018241947,3
1476,14,9554,0.08492033902321416,1
3038,18,25513,0.6207108637359489,1
1005,6,41471,0.8820854788715684,3
1064,4,45987,0.3513928888445126,3
2076,12,30985,0.5526685361929773,3
4859,13,24762,0.6421337952941157,0
1987,19,48167,0.41465017779520397,3
2547,13,40428,0.9033478503660581,0
1091,12,1702,0.36275516120117657,1
3656,3,49542,0.12501082008984366,0
4059,3,17038,0.14402035805169955,2
3704,14,22219,0.8908576145077127,1
1183,18,4271,0.9880080428479597,1
534,19,27397,0.28893785057171695,3
120,10,8955,0.14360272565471144,3
3022,17,29602,0.48221228175620945,1
2025,15,44227,0.7095280635765979,3
1572,19,31545,0.612402908102972,1
1199,9,23116,0.9511081820826126,2
2737,4,6674,0.8177778839716281,2
489,15,17469,0.8689721650640021,1
3513,19,5446,0.5416671588490702,1
2715,16,20760,0.32727519333145005,1
1454,8,1963,0.7017360104605791,2
4621,17,42745,0.4390530399513951,0
105,1,10466,0.28775424056232457,2
290,7,27262,0.1522706856722975,3
247,18,5177,0.5278742078895624,1
4600,12,11160,0.5942535671999187,1
4453,16,37340,0.568785682654175,0
3650,1,7543,0.11654836343355401,2
4205,15,41675,0.5699873195387432,0
1210,7,16626,0.16841410680514102,2
3933,17,39278,0.663714165451469,0
724,3,29607,0.4293839966655334,3
4225,11,20299,0.8487885877391554,0
2275,6,17221,0.7782657447937787,2
3249,6,3323,0.7243820515166337,2
1178,15,42305,0.7007370993343023,3
3651,7,10615,0.560488039478102,2
2452,11,1432,0.06111357612834434,1
645,17,23238,0.655489623533001,1
1295,18,40423,0.46692217756371523,3
2169,19,8431,0.469554713993533,1
3458,8,8330,0.3790221954662697,2
2538,8,44153,0.9290709148417106,0
716,11,8611,0.24945126695243236,1
4344,3,13872,0.31659445340977965,2
3443,14,49455,0.9630407827356227,0
1911,9,34930,0.810153735276698,3
271,1,6486,0.014086412162869988,2
4242,1,36870,0.9061075998618738,0
725,12,23258,0.22664729883307033,3
4163,11,48716,0.7059325391660635,0
2354,1,43186,0.5530731073672155,3
552,12,1168,0.536811883602784,1
1518,17,415,0.7179213233927192,1
853,15,10905,0.2071814718944397,1
3472,2,46200,0.15902513076642655,0
2823,18,5243,0.6519126067329519,1
3110,16,16533,0.29057922890466226,1
3011,4,27020,0.9739502076577609,2
1325,8,22908,0.4515118390746734,3
267,2,5899,0.11159702000696525,2
3785,14,33606,0.6858151661720446,0
185,15,38912,0.30615929246613127,3
1777,9,9888,0.1485874276214022,2
2082,2,45299,0.42282336288992095,3
1586,17,15935,0.9642222780872781,1
541,10,7466,0.41143057638713,1
370,9,15095,0.34733376573106345,3
443,2,11193,0.4445089620693041,2
1306,19,1320,0.012115705599648363,1
3181,17,46032,0.13310153859861407,0
1357,11,12227,0.8496746181346078,1
2391,17,17907,0.9780344120945137,1
1632,10,38002,0.15794148560368138,3
3522,18,44838,0.5355178183869084,0
4462,6,38912,0.9663334338056436,0
1753,16,552,0.15658137617896384,1
338,18,20140,0.18630961750245023,1
1014,18,20055,0.9268163539283983,1
1538,1,49633,0.7056876464523825,3
3116,3,48737,0.15196668684216075,0
1560,15,33367,0.39349267111860975,3
3179,10,15098,0.05626994421471054,2
2358,5,24061,0.4326715339176942,2
466,15,31054,0.777901494487037,3
3091,14,14800,0.5539720545861272,1
3841,15,42124,0.6474421218162031,0
185,10,45638,0.3268201322002092,3
2593,9,45192,0.161395917744793,3
4815,12,25579,0.01311667577348441,0
231,7,1982,0.8213123443293454,2
1003,5,40598,0.6366545593457879,3
3556,10,35765,0.22932124128768838,0
1321,8,17070,0.41843396007729483,2
1863,16,30886,0.8014432687281142,1
2904,12,44374,0.5387001860913857,0
1326,9,34527,0.3001598764459783,3
1384,10,39791,0.2671845171706855,3
789,16,29513,0.2176140244488256,3
4882,10,22592,0.8237298801341698,0
4981,9,46660,0.5818603506846625,0
4535,3,23618,0.7091571657014643,2
4607,19,15409,0.8601204413974134,1
2096,11,9529,0.9868617025302162,1
4481,6,24154,0.24948358653078195,0
1209,6,32882,0.18090248745791293,3
529,15,44917,0.46199834279394847,3
4226,15,16952,0.0350712794785325,1
3881,13,15701,0.7917178815635283,1
702,5,9745,0.8837599988343822,2
539,14,24335,0.6860396987480284,3
1084,2,2689,0.26799502456360935,2
2018,12,2988,0.12315547398879056,1
4607,14,35919,0.38214418791988836,0
627,19,44487,0.8333356205052533,3
4505,15,48426,0.34782780378611466,0
3096,17,9013,0.03425457362663997,1
3567,14,39113,0.2742803762251319,0
1461,18,3574,0.9899456100757232,1
803,5,32480,0.6766687556658832,3
762,12,7838,0.9008548299771278,1
464,10,28363,0.7748652675011075,3
1022,8,31368,0.5397055153266307,3
3956,6,32228,0.1486888723949803,0
275,15,49711,0.34864447835571766,3
1035,12,46097,0.5837402252742222,3
481,6,28639,0.870632348731992,3
405,12,14823,0.26867504586489965,3
4797,15,23510,0.12122686934022953,0
2490,12,38333,0.5588323175548174,0
2303,9,4435,0.17650122251805567,2
4907,19,38418,0.6103617693219067,0
1565,2,20553,0.263521442483732,2
3371,13,7436,0.23096300430062466,1
502,13,36476,0.3991807649888911,3
4809,8,47219,0.5931917575579458,0
2770,13,34477,0.545317672949313,0
1901,4,24244,0.24473447723498054,2
2750,6,42721,0.8911166744533762,0
276,6,1692,0.10988196973520103,2
4644,12,15523,0.0394675630743353,1
842,12,32326,0.6027062694061975,3
2448,17,47090,0.12340716806547647,3
4502,7,42205,0.5048908142789611,0
850,15,125,0.9517732844096326,1
968,17,45712,0.6985802714527901,3
4162,10,1199,0.6174565803977604,2
4067,6,38860,0.5748052248722807,0
313,9,16375,0.17953925219959277,3
1717,15,2711,0.43264782462810436,1
2630,16,32437,0.3425235073667625,1
3433,8,28022,0.9530743222220627,0
1697,16,9182,0.242320231370725,1
611,5,27641,0.4715163713960514,3
352,18,29530,0.9380793632762501,1
4233,14,22612,0.789180652439315,0
728,2,5995,0.9645152392844231,2
3576,3,40950,0.608330255146991,0
1086,14,38270,0.33378685474593406,3
1825,7,12920,0.826649775464059,2
2193,15,22144,0.2914562713733706,1
1801,17,18882,0.16477280191188592,1
404,1,2565,0.7062888140390073,2
4178,9,23373,0.6389556635343594,0
2380,14,43557,0.8789489025953954,0
4440,16,5024,0.9619247578160507,1
2907,13,24691,0.8571975872245541,1
2986,6,33799,0.06002179758827075,3
3554,1,1241,0.6645134329822682,2
1124,4,34510,0.7847324128640457,3
4412,3,38477,0.9819287243501765,0
3075,17,22383,0.3746612995126337,1
606,2,47507,0.16988158727114788,3
4956,19,11830,0.8529330617972212,1
3051,8,28975,0.31746674363255534,0
1153,15,46546,0.5982018957938589,3
2774,6,26551,0.38989476421299984,2
2667,2,40928,0.4023262567586612,0
2004,15,23267,0.7324644791774516,1
4470,12,12375,0.36147512533993864,1
4687,3,21513,0.693075112970487,2
2994,10,4403,0.014328455452302102,2
1200,14,4897,0.324647390003876,1
3761,14,163,0.31904403135366266,1
1736,3,36078,0.748835285896717,3
1555,1,17379,0.31455711602562786,2
3713,1,47759,0.633327132365083,0
138,2,30030,0.6885244021078648,3
3184,19,29870,0.6584255441971152,1
4339,10,29482,0.6032936810486645,0
2831,4,31058,0.4136168493493947,2
2515,4,26871,0.37330497768381043,2
858,13,26379,0.5645840583758897,3
4442,9,2251,0.06370310248432631,2
3216,7,43860,0.8758198420515261,0
864,16,23674,0.8253151430303431,1
2522,18,6590,0.34638471703718965,1
1414,3,31432,0.5668191233856312,3
4402,10,40426,0.9322276981844633,0
4095,16,49584,0.2716367974120967,0
4129,3,22127,0.7424552676948534,2
3793,11,38015,0.08273180732100516,0
3285,10,7715,0.523372147470971,2
2966,16,3817,0.8839691294472977,1
1417,8,29493,0.5517092841490735,3
800,9,17454,0.6162528268371014,3
4483,15,4600,0.9076392933095441,1
2301,3,24690,0.7153606400498028,2
1693,4,42750,0.6958696802242655,3
4087,13,33762,0.5863840220928984,0
4245,12,37499,0.6329886141924184,0
1330,9,22452,0.8037054240166173,2
2712,14,7670,0.9792330832972443,1
3237,19,21151,0.7953253540081879,1
2008,7,17341,0.7075368316269962,2
1890,16,29604,0.13554488361151484,3
3028,5,8287,0.8170803874416932,2
1188,10,18538,0.735994367398703,1
2481,18,17015,0.7704321954012339,1
4227,11,44644,0.23109647824331192,0
3045,7,49849,0.9034436965409277,0
3669,14,49183,0.09728136834686218,0
1265,18,15852,0.25361205569194656,1
700,11,46258,0.6630234383244017,3
2125,12,21258,0.6737144638310152,1
1684,18,38330,0.31332456630082484,3
1087,2,41508,0.7015197771118148,3
2065,1,2248,0.38793053765487207,2
1539,10,6192,0.00017551585792330293,2
4715,1,27410,0.16260613228738352,2
968,6,9895,0.8826182752181744,2
2163,7,6406,0.22269401172941883,2
1229,17,33924,0.11291033885887591,3
4478,9,47086,0.6822006059331945,0
4556,7,41303,0.4407064424097361,0
3829,17,5295,0.7965909363976443,1
2034,3,12264,0.8614449345657882,2
1176,16,28038,0.8459888773872315,1
1739,5,38922,0.3130092191968933,3
1492,18,9136,0.5055459379681642,1
130,1,13213,0.6501417346469641,2
803,4,12072,0.32198308728412395,2
968,11,43010,0.04109931535301814,3
332,9,36053,0.4956643822969191,3
1050,8,27431,0.01281833346559369,3
158,8,42290,0.9506456247259472,3
2918,5,2003,0.7966836460730264,2
3700,12,19999,0.19200977652359452,1
3249,1,31279,0.2875717488919284,2
401,15,42747,0.9828385480194383,3
2950,18,10438,0.3735485541413044,1
3044,6,14227,0.7837223574338923,2
2023,10,3672,0.44681546841925435,1
416,14,7458,0.8640959241006102,1
1988,8,18539,0.703753508161509,2
2815,3,3479,0.02291005989115935,2
4885,19,14887,0.2943898859392372,1
1981,12,51,0.5579923148934525,1
3998,12,2159,0.9261740440697538,1
4213,15,4390,0.10202989464149037,1
1278,7,20035,0.601162537711067,2
3955,4,28491,0.30217673141265755,0
4973,9,16080,0.8893277820194403,0
4555,16,34880,0.7651696096585132,0
431,13,45520,0.36970272200928533,3
627,4,47361,0.16710316390861368,3
2159,9,22149,0.011497972397297773,3
1198,18,15339,0.6211344506719487,1
311,15,29305,0.4061238076312438,3
1814,15,1354,0.3147564928607691,1
2788,6,5620,0.9855022916368356,2
2430,11,3754,0.46614213556031514,1
3366,8,16593,0.7498392836454242,2
1132,17,16167,0.17741241725123624,1
1432,17,22555,0.013455257741813775,1
1940,18,33005,0.417562619448016,1
4786,4,41295,0.6656648349426617,0
2238,15,40843,0.5065986961834594,3
4651,2,8691,0.890466257624391,2
4191,2,9756,0.4339793511871648,2
543,10,36308,0.3110028131530912,3
4274,3,9327,0.9160486762076435,2
1598,8,28520,0.4068022786343809,3
1026,7,43308,0.26964786163961163,3
722,12,40025,0.0976610768100804,3
1579,19,28900,0.7933097732158209,1
3137,15,16533,0.8250914607978431,1
3485,14,31881,0.03329778356517199,0
3418,16,27782,0.35864559840152477,1
333,14,44488,0.7498764545979597,3
1717,3,1624,0.9463818474880539,2
2791,18,40429,0.377818283844905,0
2130,6,20812,0.8720534313794935,2
486,17,7529,0.3937204065321951,1
1734,14,20653,0.17949462724264809,1
4233,14,27860,0.0034461437768696923,0
1284,13,13654,0.3301810231528798,1
2067,3,2108,0.37847505072737153,2
340,13,3947,0.9451175288873361,1
661,2,7899,0.20607025242062282,2
2099,9,13372,0.3822307080175047,2
2029,13,37682,0.025154129823113158,3
2879,8,30373,0.7635397350913864,0
1775,16,39435,0.9151412362549867,3
2615,3,2263,0.23782064727649188,2
1777,13,26188,0.4289951106401645,3
4241,4,36583,0.12211262136599399,0
3846,18,29295,0.45683543031289076,1
3456,2,577,0.1333424636440954,2
1751,15,15029,0.5233484944191521,1
4277,17,49574,0.7346220404322331,0
3941,10,35531,0.5533427748141682,0
2541,1,30066,0.24521957838737596,2
4985,6,17613,0.3537959854689051,2
694,3,48413,0.6385727377056324,3
2712,19,19560,0.5897554177893252,1
4196,7,8945,0.13677478812133348,2
1596,13,29418,0.8449494735661027,3
3655,13,17071,0.4751889122470154,1
4961,17,49874,0.16236922452639302,0
4866,1,46622,0.12282654257472925,0
3458,14,17130,0.9655517746451302,1
1701,3,20721,0.281535111173546,2
1014,14,2712,0.9085935879163759,1
1944,1,17091,0.4105852987689389,2
2095,16,15857,0.3859214304531903,1
194,10,41394,0.700928969649432,3
592,13,45836,0.009883287775461436,3
3169,4,49635,0.3380895216303905,0
249,9,47487,0.3026457121918089,3
1146,14,34301,0.8680980942840464,3
2903,4,16553,0.5291235390207832,2
498,10,17404,0.3645701572242519,3
4576,8,7093,0.2660793102997181,2
651,3,13156,0.5905098088106291,2
394,7,49999,0.15167314054336467,3
1243,10,13785,0.2462047685087816,1
555,3,48359,0.29361216506474974,3
1653,2,25271,0.607908947606941,2
268,15,14694,0.37325495901647543,1
4905,9,36114,0.5057833001200495,0
2046,15,4013,0.6504382637665866,1
353,17,32799,0.9562716008076872,3
2476,7,24752,0.7648373971027523,2
1420,18,11156,0.4052567805721077,1
2983,15,10304,0.7482753743972568,1
3707,18,40645,0.9496941809192125,0
2225,12,38938,0.4993805456541248,3
3596,8,12078,0.4104969331228897,2
2340,2,26078,0.07801869900073655,2
500,2,2315,0.8923703706508622,2
2256,5,27220,0.2464342807936556,2
2476,1,31731,0.06395789681913955,2
462,4,32833,0.5372034865910831,3
4038,6,12420,0.8458996459615251,2
3951,13,18312,0.40663505562305247,1
3512,19,21395,0.7830674701590162,1
2406,11,40301,0.8363960072839958,0
184,13,46972,0.4544035588198637,3
1924,8,15317,0.5909550659404736,2
3985,7,48225,0.5339122985389401,0
407,13,16968,0.9391958616345015,1
4457,1,22854,0.7255056850917613,2
2021,6,5244,0.925342810770113,2
730,7,30929,0.22000997806197187,3
4875,16,40922,0.31023685183267047,0
2471,15,24054,0.07091347318006769,1
3400,2,18588,0.4999079566958077,2
3767,16,44590,0.8739236793859108,0
826,17,34660,0.3268466971307157,3
1748,15,7018,0.1282821069493315,1
4412,3,10621,0.06844625492905299,2
1369,4,973,0.44750027252365454,2
4643,12,43602,0.1640217446287633,0
418,5,39383,0.3461040288851035,3
3575,17,37097,0.8199798080824369,0
2878,6,34245,0.38404738275752437,0
3158,10,25346,0.6098709182563558,0
4234,18,40097,0.5021600558228149,0
1702,10,6444,0.7185332929700363,1
2356,6,24881,0.15616495898756877,2
929,6,49153,0.9204410364836187,3
955,15,24846,0.6436327975500353,1
2748,4,11406,0.27095373158010727,2
1958,16,39611,0.12325370813805903,3
1202,8,25439,0.14972556414619032,3
2581,7,5972,0.7826629268961081,2
1920,19,48063,0.588110053312958,3
2179,17,37873,0.38075829071818335,3
3258,13,10931,0.33290084618688,1
2540,15,7702,0.8557580044005302,1
3784,2,19298,0.874762523781461,2
1355,10,21540,0.5812620384192929,3
3057,13,32040,0.5245440656650363,0
3751,18,46904,0.8164480420765715,0
2339,11,31000,0.7493351797943753,0
2039,13,29805,0.40032518332778844,3
369,19,2599,0.082738684750857,1
4930,5,22100,0.7685001073627779,0
4164,3,30509,0.16870102894024375,0
3875,19,35003,0.016376906478478337,0
1212,13,19183,0.8433026752039908,1
748,5,38241,0.5782538453367186,3
1279,12,18,0.8916660355357584,1
2242,14,858,0.48458808319761804,1
116,6,25992,0.926481100711403,3
216,9,32580,0.35397174797886377,3
1645,17,5380,0.7245220023342929,1
3251,8,35800,0.3009865092617835,0
2793,13,18915,0.0011636643279784309,1
4189,5,40239,0.37974453454895674,0
1376,17,37487,0.7377655131092388,3
3340,3,12943,0.15002417944651392,2
3888,6,37631,0.504802033207393,0
471,14,36806,0.212321484850715,3
2907,15,18836,0.0746241214191029,1
255,14,35614,0.6174519819443163,3
2761,11,40832,0.951967622303403,0
564,11,11394,0.3107042187179171,1
4978,9,6622,0.5806458003599504,2
4999,6,45063,0.9536033677507945,0
4415,15,25280,0.6504833499946875,0
1873,12,11782,0.6731133023099543,1
216,6,1159,0.1789285115608359,2
2203,1,4626,0.4926096788528267,2
1474,16,23440,0.36708274708724664,1
3303,15,36490,0.47095685239103,0
4503,2,11630,0.8008265764418772,2
3646,17,44042,0.4606989877460983,0
4077,3,47656,0.06285067825783508,0
4417,3,6589,0.905541661150863,2
1296,5,48241,0.5448158874519706,3
3511,17,23233,0.9244943585302919,1
896,17,35011,0.5723545120276244,3
3992,6,8177,0.06963631597506059,2
250,1,34528,0.5528693935257712,3
3349,7,48970,0.5757389324926806,0
211,15,38210,0.2143398793429756,3
782,7,26372,0.4710290841043767,3
1261,19,23508,0.45944151187365134,1
2479,11,14965,0.6228761490206036,1
260,14,3236,0.2596140986739204,1
1525,13,15611,0.5817484179481938,1
3761,9,22282,0.2409520426369428,0
377,9,41003,0.4464452722039066,3
3491,16,15829,0.12270569933730702,1
1656,12,8680,0.037300547861478184,1
4692,10,11340,0.3205873059917339,2
2015,6,31093,0.2745717506497415,3
4850,18,21107,0.4069359120313467,1
3207,2,9148,0.9619826200003397,2
402,9,43074,0.5222292947703284,3
4633,19,17499,0.5531767061367565,1
2873,6,18165,0.9416010387873742,2
